"ORIGIN_AIRPORT_ID","ORIGIN_AIRPORT_SEQ_ID","ORIGIN_CITY_MARKET_ID","ORIGIN","ORIGIN_CITY_NAME","ORIGIN_STATE_ABR","ORIGIN_STATE_FIPS","ORIGIN_STATE_NM","ORIGIN_WAC",
10135,1013504,30135,"ABE","Allentown/Bethlehem/Easton, PA","PA","42","Pennsylvania",23,
10140,1014004,30140,"ABQ","Albuquerque, NM","NM","35","New Mexico",86,
10141,1014105,30141,"ABR","Aberdeen, SD","SD","46","South Dakota",67,
10157,1015705,30157,"ACV","Arcata/Eureka, CA","CA","06","California",91,
10158,1015804,30158,"ACY","Atlantic City, NJ","NJ","34","New Jersey",21,
10165,1016505,30165,"ADK","Adak Island, AK","AK","02","Alaska",1,
10170,1017003,30070,"ADQ","Kodiak, AK","AK","02","Alaska",1,
10185,1018502,30185,"AEX","Alexandria, LA","LA","22","Louisiana",72,
10208,1020803,30208,"AGS","Augusta, GA","GA","13","Georgia",34,
10257,1025702,30257,"ALB","Albany, NY","NY","36","New York",22,
10268,1026802,30268,"ALO","Waterloo, IA","IA","19","Iowa",61,
10279,1027903,30279,"AMA","Amarillo, TX","TX","48","Texas",74,
10299,1029905,30299,"ANC","Anchorage, AK","AK","02","Alaska",1,
10333,1033302,30333,"APN","Alpena, MI","MI","26","Michigan",43,
10372,1037204,30372,"ASE","Aspen, CO","CO","08","Colorado",82,
10397,1039706,30397,"ATL","Atlanta, GA","GA","13","Georgia",34,
10408,1040804,30408,"ATW","Appleton, WI","WI","55","Wisconsin",45,
10423,1042302,30423,"AUS","Austin, TX","TX","48","Texas",74,
10431,1043104,30431,"AVL","Asheville, NC","NC","37","North Carolina",36,
10434,1043404,30434,"AVP","Scranton/Wilkes-Barre, PA","PA","42","Pennsylvania",23,
10469,1046902,30469,"AZO","Kalamazoo, MI","MI","26","Michigan",43,
10529,1052905,30529,"BDL","Hartford, CT","CT","09","Connecticut",11,
10551,1055102,30113,"BET","Bethel, AK","AK","02","Alaska",1,
10561,1056103,30561,"BFL","Bakersfield, CA","CA","06","California",91,
10577,1057704,30577,"BGM","Binghamton, NY","NY","36","New York",22,
10581,1058102,30581,"BGR","Bangor, ME","ME","23","Maine",12,
10590,1059005,30590,"IFP","Bullhead City, AZ","AZ","04","Arizona",81,
10599,1059904,30599,"BHM","Birmingham, AL","AL","01","Alabama",51,
10620,1062002,30620,"BIL","Billings, MT","MT","30","Montana",84,
10627,1062702,30627,"BIS","Bismarck/Mandan, ND","ND","38","North Dakota",66,
10631,1063104,30631,"BJI","Bemidji, MN","MN","27","Minnesota",63,
10666,1066602,30666,"BLI","Bellingham, WA","WA","53","Washington",93,
10685,1068502,30685,"BMI","Bloomington/Normal, IL","IL","17","Illinois",41,
10693,1069302,30693,"BNA","Nashville, TN","TN","47","Tennessee",54,
10713,1071302,30713,"BOI","Boise, ID","ID","16","Idaho",83,
10721,1072102,30721,"BOS","Boston, MA","MA","25","Massachusetts",13,
10731,1073103,30731,"BQK","Brunswick, GA","GA","13","Georgia",34,
10732,1073203,30732,"BQN","Aguadilla, PR","PR","72","Puerto Rico",3,
10739,1073906,30739,"BRD","Brainerd, MN","MN","27","Minnesota",63,
10747,1074704,30747,"BRO","Brownsville, TX","TX","48","Texas",74,
10754,1075404,30107,"BRW","Barrow, AK","AK","02","Alaska",1,
10779,1077902,30779,"BTM","Butte, MT","MT","30","Montana",84,
10781,1078104,30781,"BTR","Baton Rouge, LA","LA","22","Louisiana",72,
10785,1078502,30785,"BTV","Burlington, VT","VT","50","Vermont",16,
10792,1079205,30792,"BUF","Buffalo, NY","NY","36","New York",22,
10800,1080003,32575,"BUR","Burbank, CA","CA","06","California",91,
10821,1082105,30852,"BWI","Baltimore, MD","MD","24","Maryland",35,
10849,1084904,30849,"BZN","Bozeman, MT","MT","30","Montana",84,
10868,1086803,30868,"CAE","Columbia, SC","SC","45","South Carolina",37,
10874,1087402,30647,"CAK","Akron, OH","OH","39","Ohio",44,
10918,1091802,30918,"CDC","Cedar City, UT","UT","49","Utah",87,
10926,1092603,30913,"CDV","Cordova, AK","AK","02","Alaska",1,
10980,1098002,30980,"CHA","Chattanooga, TN","TN","47","Tennessee",54,
10990,1099004,30990,"CHO","Charlottesville, VA","VA","51","Virginia",38,
10994,1099402,30994,"CHS","Charleston, SC","SC","45","South Carolina",37,
11003,1100303,31003,"CID","Cedar Rapids/Iowa City, IA","IA","19","Iowa",61,
11013,1101303,31013,"CIU","Sault Ste. Marie, MI","MI","26","Michigan",43,
11027,1102704,31027,"CKB","Clarksburg/Fairmont, WV","WV","54","West Virginia",39,
11042,1104204,30647,"CLE","Cleveland, OH","OH","39","Ohio",44,
11049,1104902,31049,"CLL","College Station/Bryan, TX","TX","48","Texas",74,
11057,1105703,31057,"CLT","Charlotte, NC","NC","37","North Carolina",36,
11066,1106605,31066,"CMH","Columbus, OH","OH","39","Ohio",44,
11076,1107602,31076,"CMX","Hancock/Houghton, MI","MI","26","Michigan",43,
11097,1109702,31097,"COD","Cody, WY","WY","56","Wyoming",88,
11109,1110902,30189,"COS","Colorado Springs, CO","CO","08","Colorado",82,
11111,1111104,32474,"COU","Columbia, MO","MO","29","Missouri",64,
11122,1112204,31122,"CPR","Casper, WY","WY","56","Wyoming",88,
11140,1114007,31140,"CRP","Corpus Christi, TX","TX","48","Texas",74,
11146,1114605,31146,"CRW","Charleston/Dunbar, WV","WV","54","West Virginia",39,
11193,1119302,33105,"CVG","Cincinnati, OH","KY","21","Kentucky",52,
11203,1120302,30424,"CWA","Mosinee, WI","WI","55","Wisconsin",45,
11252,1125203,31252,"DAB","Daytona Beach, FL","FL","12","Florida",33,
11259,1125903,30194,"DAL","Dallas, TX","TX","48","Texas",74,
11267,1126702,31267,"DAY","Dayton, OH","OH","39","Ohio",44,
11278,1127804,30852,"DCA","Washington, DC","VA","51","Virginia",38,
11292,1129202,30325,"DEN","Denver, CO","CO","08","Colorado",82,
11298,1129805,30194,"DFW","Dallas/Fort Worth, TX","TX","48","Texas",74,
11308,1130802,31308,"DHN","Dothan, AL","AL","01","Alabama",51,
11337,1133703,31337,"DLH","Duluth, MN","MN","27","Minnesota",63,
11413,1141305,30285,"DRO","Durango, CO","CO","08","Colorado",82,
11423,1142305,31423,"DSM","Des Moines, IA","IA","19","Iowa",61,
11433,1143302,31295,"DTW","Detroit, MI","MI","26","Michigan",43,
11447,1144704,31447,"DVL","Devils Lake, ND","ND","38","North Dakota",66,
11471,1147103,31471,"EAU","Eau Claire, WI","WI","55","Wisconsin",45,
11481,1148102,31481,"ECP","Panama City, FL","FL","12","Florida",33,
11503,1150304,31503,"EGE","Eagle, CO","CO","08","Colorado",82,
11525,1152504,31525,"EKO","Elko, NV","NV","32","Nevada",85,
11540,1154004,30615,"ELP","El Paso, TX","TX","48","Texas",74,
11577,1157705,31577,"ERI","Erie, PA","PA","42","Pennsylvania",23,
11587,1158702,31587,"ESC","Escanaba, MI","MI","26","Michigan",43,
11603,1160302,31603,"EUG","Eugene, OR","OR","41","Oregon",92,
11612,1161205,31612,"EVV","Evansville, IN","IN","18","Indiana",42,
11618,1161802,31703,"EWR","Newark, NJ","NJ","34","New Jersey",21,
11624,1162402,31624,"EYW","Key West, FL","FL","12","Florida",33,
11630,1163002,31517,"FAI","Fairbanks, AK","AK","02","Alaska",1,
11637,1163703,31637,"FAR","Fargo, ND","ND","38","North Dakota",66,
11638,1163806,31638,"FAT","Fresno, CA","CA","06","California",91,
11641,1164102,31641,"FAY","Fayetteville, NC","NC","37","North Carolina",36,
11648,1164802,31648,"FCA","Kalispell, MT","MT","30","Montana",84,
11695,1169502,31695,"FLG","Flagstaff, AZ","AZ","04","Arizona",81,
11697,1169705,32467,"FLL","Fort Lauderdale, FL","FL","12","Florida",33,
11721,1172104,31721,"FNT","Flint, MI","MI","26","Michigan",43,
11775,1177502,31775,"FSD","Sioux Falls, SD","SD","46","South Dakota",67,
11778,1177801,31778,"FSM","Fort Smith, AR","AR","05","Arkansas",71,
11823,1182304,31823,"FWA","Fort Wayne, IN","IN","18","Indiana",42,
11865,1186502,31865,"GCC","Gillette, WY","WY","56","Wyoming",88,
11884,1188402,31884,"GEG","Spokane, WA","WA","53","Washington",93,
11898,1189802,31898,"GFK","Grand Forks, ND","ND","38","North Dakota",66,
11921,1192102,31921,"GJT","Grand Junction, CO","CO","08","Colorado",82,
11953,1195302,31953,"GNV","Gainesville, FL","FL","12","Florida",33,
11973,1197302,31973,"GPT","Gulfport/Biloxi, MS","MS","28","Mississippi",53,
11977,1197704,31977,"GRB","Green Bay, WI","WI","55","Wisconsin",45,
11982,1198202,31982,"GRK","Killeen, TX","TX","48","Texas",74,
11986,1198603,31986,"GRR","Grand Rapids, MI","MI","26","Michigan",43,
11995,1199502,31995,"GSO","Greensboro/High Point, NC","NC","37","North Carolina",36,
11996,1199603,31871,"GSP","Greer, SC","SC","45","South Carolina",37,
12003,1200304,31895,"GTF","Great Falls, MT","MT","30","Montana",84,
12007,1200703,30894,"GTR","Columbus, MS","MS","28","Mississippi",53,
12016,1201602,32016,"GUM","Guam, TT","TT","75","U.S. Pacific Trust Territories and Possessions",5,
12129,1212903,32129,"HIB","Hibbing, MN","MN","27","Minnesota",63,
12156,1215604,32156,"HLN","Helena, MT","MT","30","Montana",84,
12173,1217304,32134,"HNL","Honolulu, HI","HI","15","Hawaii",2,
12177,1217704,32177,"HOB","Hobbs, NM","NM","35","New Mexico",86,
12191,1219102,31453,"HOU","Houston, TX","TX","48","Texas",74,
12197,1219702,31703,"HPN","White Plains, NY","NY","36","New York",22,
12206,1220604,32206,"HRL","Harlingen/San Benito, TX","TX","48","Texas",74,
12217,1221702,30255,"HSV","Huntsville, AL","AL","01","Alabama",51,
12255,1225502,32255,"HYS","Hays, KS","KS","20","Kansas",62,
12264,1226402,30852,"IAD","Washington, DC","VA","51","Virginia",38,
12265,1226504,32265,"IAG","Niagara Falls, NY","NY","36","New York",22,
12266,1226603,31453,"IAH","Houston, TX","TX","48","Texas",74,
12278,1227804,30928,"ICT","Wichita, KS","KS","20","Kansas",62,
12280,1228002,32280,"IDA","Idaho Falls, ID","ID","16","Idaho",83,
12323,1232304,32323,"ILM","Wilmington, NC","NC","37","North Carolina",36,
12335,1233502,32335,"IMT","Iron Mountain/Kingsfd, MI","MI","26","Michigan",43,
12339,1233904,32337,"IND","Indianapolis, IN","IN","18","Indiana",42,
12343,1234304,32343,"INL","International Falls, MN","MN","27","Minnesota",63,
12389,1238902,32389,"ISN","Williston, ND","ND","38","North Dakota",66,
12391,1239102,31703,"ISP","Islip, NY","NY","36","New York",22,
12397,1239702,32397,"ITH","Ithaca/Cortland, NY","NY","36","New York",22,
12402,1240203,32402,"ITO","Hilo, HI","HI","15","Hawaii",2,
12441,1244102,32441,"JAC","Jackson, WY","WY","56","Wyoming",88,
12448,1244806,32448,"JAN","Jackson/Vicksburg, MS","MS","28","Mississippi",53,
12451,1245102,31136,"JAX","Jacksonville, FL","FL","12","Florida",33,
12478,1247804,31703,"JFK","New York, NY","NY","36","New York",22,
12519,1251902,32519,"JMS","Jamestown, ND","ND","38","North Dakota",66,
12523,1252305,32523,"JNU","Juneau, AK","AK","02","Alaska",1,
12758,1275803,32758,"KOA","Kona, HI","HI","15","Hawaii",2,
12819,1281902,31401,"KTN","Ketchikan, AK","AK","02","Alaska",1,
12884,1288403,32884,"LAN","Lansing, MI","MI","26","Michigan",43,
12888,1288802,32888,"LAR","Laramie, WY","WY","56","Wyoming",88,
12889,1288903,32211,"LAS","Las Vegas, NV","NV","32","Nevada",85,
12891,1289102,32891,"LAW","Lawton/Fort Sill, OK","OK","40","Oklahoma",73,
12892,1289207,32575,"LAX","Los Angeles, CA","CA","06","California",91,
12896,1289606,32896,"LBB","Lubbock, TX","TX","48","Texas",74,
12898,1289805,32898,"LBE","Latrobe, PA","PA","42","Pennsylvania",23,
12915,1291503,31205,"LCH","Lake Charles, LA","LA","22","Louisiana",72,
12945,1294503,32945,"LEX","Lexington, KY","KY","21","Kentucky",52,
12951,1295105,32951,"LFT","Lafayette, LA","LA","22","Louisiana",72,
12953,1295303,31703,"LGA","New York, NY","NY","36","New York",22,
12954,1295405,32575,"LGB","Long Beach, CA","CA","06","California",91,
12982,1298202,32982,"LIH","Lihue, HI","HI","15","Hawaii",2,
12992,1299205,32600,"LIT","Little Rock, AR","AR","05","Arkansas",71,
13029,1302902,33029,"LNK","Lincoln, NE","NE","31","Nebraska",65,
13061,1306105,33038,"LRD","Laredo, TX","TX","48","Texas",74,
13076,1307604,33076,"LSE","La Crosse, WI","WI","55","Wisconsin",45,
13127,1312702,33127,"LWS","Lewiston, ID","ID","16","Idaho",83,
13158,1315804,33158,"MAF","Midland/Odessa, TX","TX","48","Texas",74,
13184,1318403,33184,"MBS","Saginaw/Bay City/Midland, MI","MI","26","Michigan",43,
13198,1319801,33198,"MCI","Kansas City, MO","MO","29","Missouri",64,
13204,1320402,31454,"MCO","Orlando, FL","FL","12","Florida",33,
13230,1323002,32070,"MDT","Harrisburg, PA","PA","42","Pennsylvania",23,
13232,1323202,30977,"MDW","Chicago, IL","IL","17","Illinois",41,
13241,1324102,33241,"MEI","Meridian, MS","MS","28","Mississippi",53,
13244,1324402,33244,"MEM","Memphis, TN","TN","47","Tennessee",54,
13256,1325602,33256,"MFE","Mission/McAllen/Edinburg, TX","TX","48","Texas",74,
13264,1326403,33264,"MFR","Medford, OR","OR","41","Oregon",92,
13277,1327702,33277,"MGM","Montgomery, AL","AL","01","Alabama",51,
13290,1329002,33290,"MHK","Manhattan/Ft. Riley, KS","KS","20","Kansas",62,
13296,1329604,30721,"MHT","Manchester, NH","NH","33","New Hampshire",14,
13303,1330303,32467,"MIA","Miami, FL","FL","12","Florida",33,
13342,1334206,33342,"MKE","Milwaukee, WI","WI","55","Wisconsin",45,
13344,1334402,33344,"MKG","Muskegon, MI","MI","26","Michigan",43,
13360,1336003,33360,"MLB","Melbourne, FL","FL","12","Florida",33,
13367,1336704,33367,"MLI","Moline, IL","IL","17","Illinois",41,
13377,1337702,33377,"MLU","Monroe, LA","LA","22","Louisiana",72,
13422,1342202,30562,"MOB","Mobile, AL","AL","01","Alabama",51,
13433,1343302,33304,"MOT","Minot, ND","ND","38","North Dakota",66,
13459,1345902,33459,"MQT","Marquette, MI","MI","26","Michigan",43,
13476,1347604,34922,"MRY","Monterey, CA","CA","06","California",91,
13485,1348502,33485,"MSN","Madison, WI","WI","55","Wisconsin",45,
13486,1348602,33486,"MSO","Missoula, MT","MT","30","Montana",84,
13487,1348702,31650,"MSP","Minneapolis, MN","MN","27","Minnesota",63,
13495,1349504,33495,"MSY","New Orleans, LA","LA","22","Louisiana",72,
13577,1357702,31135,"MYR","Myrtle Beach, SC","SC","45","South Carolina",37,
13795,1379502,33795,"OAJ","Jacksonville/Camp Lejeune, NC","NC","37","North Carolina",36,
13796,1379607,32457,"OAK","Oakland, CA","CA","06","California",91,
13830,1383002,33830,"OGG","Kahului, HI","HI","15","Hawaii",2,
13851,1385103,33851,"OKC","Oklahoma City, OK","OK","40","Oklahoma",73,
13871,1387102,33316,"OMA","Omaha, NE","NE","31","Nebraska",65,
13873,1387304,33873,"OME","Nome, AK","AK","02","Alaska",1,
13891,1389101,32575,"ONT","Ontario, CA","CA","06","California",91,
13930,1393005,30977,"ORD","Chicago, IL","IL","17","Illinois",41,
13931,1393102,33667,"ORF","Norfolk, VA","VA","51","Virginia",38,
13933,1393304,33933,"ORH","Worcester, MA","MA","25","Massachusetts",13,
13964,1396403,33964,"OTH","North Bend/Coos Bay, OR","OR","41","Oregon",92,
13970,1397004,33970,"OTZ","Kotzebue, AK","AK","02","Alaska",1,
14006,1400602,34006,"PAH","Paducah, KY","KY","21","Kentucky",52,
14025,1402501,34025,"PBG","Plattsburgh, NY","NY","36","New York",22,
14027,1402702,34027,"PBI","West Palm Beach/Palm Beach, FL","FL","12","Florida",33,
14057,1405702,34057,"PDX","Portland, OR","OR","41","Oregon",92,
14098,1409803,33667,"PHF","Newport News/Williamsburg, VA","VA","51","Virginia",38,
14100,1410004,34100,"PHL","Philadelphia, PA","PA","42","Pennsylvania",23,
14107,1410702,30466,"PHX","Phoenix, AZ","AZ","04","Arizona",81,
14108,1410803,34108,"PIA","Peoria, IL","IL","17","Illinois",41,
14109,1410902,34109,"PIB","Hattiesburg/Laurel, MS","MS","28","Mississippi",53,
14113,1411302,34113,"PIH","Pocatello, ID","ID","16","Idaho",83,
14122,1412202,30198,"PIT","Pittsburgh, PA","PA","42","Pennsylvania",23,
14150,1415002,34150,"PLN","Pellston, MI","MI","26","Michigan",43,
14193,1419305,33728,"PNS","Pensacola, FL","FL","12","Florida",33,
14222,1422205,34222,"PPG","Pago Pago, TT","TT","75","U.S. Pacific Trust Territories and Possessions",5,
14252,1425202,34252,"PSC","Pasco/Kennewick/Richland, WA","WA","53","Washington",93,
14254,1425403,34254,"PSE","Ponce, PR","PR","72","Puerto Rico",3,
14256,1425604,34256,"PSG","Petersburg, AK","AK","02","Alaska",1,
14262,1426204,34262,"PSP","Palm Springs, CA","CA","06","California",91,
14307,1430704,30721,"PVD","Providence, RI","RI","44","Rhode Island",15,
14321,1432104,34321,"PWM","Portland, ME","ME","23","Maine",12,
14457,1445702,34457,"RAP","Rapid City, SD","SD","46","South Dakota",67,
14487,1448702,33792,"RDD","Redding, CA","CA","06","California",91,
14489,1448902,34489,"RDM","Bend/Redmond, OR","OR","41","Oregon",92,
14492,1449202,34492,"RDU","Raleigh/Durham, NC","NC","37","North Carolina",36,
14520,1452002,34520,"RHI","Rhinelander, WI","WI","55","Wisconsin",45,
14524,1452401,34524,"RIC","Richmond, VA","VA","51","Virginia",38,
14543,1454302,34543,"RKS","Rock Springs, WY","WY","56","Wyoming",88,
14570,1457002,34570,"RNO","Reno, NV","NV","32","Nevada",85,
14574,1457404,34574,"ROA","Roanoke, VA","VA","51","Virginia",38,
14576,1457605,34576,"ROC","Rochester, NY","NY","36","New York",22,
14588,1458803,34588,"ROW","Roswell, NM","NM","35","New Mexico",86,
14633,1463303,32547,"RST","Rochester, MN","MN","27","Minnesota",63,
14635,1463502,31714,"RSW","Fort Myers, FL","FL","12","Florida",33,
14674,1467402,34674,"SAF","Santa Fe, NM","NM","35","New Mexico",86,
14679,1467903,33570,"SAN","San Diego, CA","CA","06","California",91,
14683,1468304,33214,"SAT","San Antonio, TX","TX","48","Texas",74,
14685,1468502,34685,"SAV","Savannah, GA","GA","13","Georgia",34,
14689,1468902,34689,"SBA","Santa Barbara, CA","CA","06","California",91,
14696,1469607,34696,"SBN","South Bend, IN","IN","18","Indiana",42,
14698,1469802,34236,"SBP","San Luis Obispo, CA","CA","06","California",91,
14709,1470904,30073,"SCC","Deadhorse, AK","AK","02","Alaska",1,
14711,1471104,34711,"SCE","State College, PA","PA","42","Pennsylvania",23,
14730,1473003,33044,"SDF","Louisville, KY","KY","21","Kentucky",52,
14747,1474703,30559,"SEA","Seattle, WA","WA","53","Washington",93,
14771,1477103,32457,"SFO","San Francisco, CA","CA","06","California",91,
14783,1478302,34783,"SGF","Springfield, MO","MO","29","Missouri",64,
14794,1479404,34794,"SGU","St. George, UT","UT","49","Utah",87,
14814,1481402,30476,"SHV","Shreveport, LA","LA","22","Louisiana",72,
14828,1482804,34828,"SIT","Sitka, AK","AK","02","Alaska",1,
14831,1483105,32457,"SJC","San Jose, CA","CA","06","California",91,
14842,1484202,34842,"SJT","San Angelo, TX","TX","48","Texas",74,
14843,1484305,34819,"SJU","San Juan, PR","PR","72","Puerto Rico",3,
14869,1486903,34614,"SLC","Salt Lake City, UT","UT","49","Utah",87,
14893,1489302,33192,"SMF","Sacramento, CA","CA","06","California",91,
14908,1490803,32575,"SNA","Santa Ana, CA","CA","06","California",91,
14952,1495203,34952,"SPI","Springfield, IL","IL","17","Illinois",41,
14986,1498603,34986,"SRQ","Sarasota/Bradenton, FL","FL","12","Florida",33,
15016,1501605,31123,"STL","St. Louis, MO","MO","29","Missouri",64,
15023,1502304,34433,"STS","Santa Rosa, CA","CA","06","California",91,
15024,1502403,34945,"STT","Charlotte Amalie, VI","VI","78","U.S. Virgin Islands",4,
15027,1502704,34992,"STX","Christiansted, VI","VI","78","U.S. Virgin Islands",4,
15041,1504102,35041,"SUN","Sun Valley/Hailey/Ketchum, ID","ID","16","Idaho",83,
15070,1507002,31703,"SWF","Newburgh/Poughkeepsie, NY","NY","36","New York",22,
15096,1509602,35096,"SYR","Syracuse, NY","NY","36","New York",22,
15249,1524905,35249,"TLH","Tallahassee, FL","FL","12","Florida",33,
15295,1529502,35165,"TOL","Toledo, OH","OH","39","Ohio",44,
15304,1530402,33195,"TPA","Tampa, FL","FL","12","Florida",33,
15323,1532304,35323,"TRI","Bristol/Johnson City/Kingsport, TN","TN","47","Tennessee",54,
15356,1535602,35356,"TTN","Trenton, NJ","NJ","34","New Jersey",21,
15370,1537002,34653,"TUL","Tulsa, OK","OK","40","Oklahoma",73,
15376,1537602,30436,"TUS","Tucson, AZ","AZ","04","Arizona",81,
15380,1538004,35380,"TVC","Traverse City, MI","MI","26","Michigan",43,
15389,1538902,35389,"TWF","Twin Falls, ID","ID","16","Idaho",83,
15412,1541204,35412,"TYS","Knoxville, TN","TN","47","Tennessee",54,
15624,1562403,31504,"VPS","Valparaiso, FL","FL","12","Florida",33,
15841,1584102,35841,"WRG","Wrangell, AK","AK","02","Alaska",1,
15919,1591903,31834,"XNA","Fayetteville, AR","AR","05","Arkansas",71,
15991,1599102,35991,"YAK","Yakutat, AK","AK","02","Alaska",1,
16218,1621801,33785,"YUM","Yuma, AZ","AZ","04","Arizona",81,
